Plan,Short Name,Option,Enrollment Code,Enrollment Type,2025 Biweekly - Total Premium,2025 Biweekly - Gov't Pays,2025 Biweekly -Empl. Pays,2025 Monthly - Total Premium,2025 Monthly - Gov't Pays,2025 Monthly - Empl. Pays,Prescription Deductible,Premium Pass Through HSA/HRA Contribution,Catastrophic Limit,Prescription Limit,Calendar Year Deductible,Services & Benefits - Medical Account (HRA/HSA),Services & Benefits - Type of Account,Member Cost with Medicare A & B Primary - Deductible Waiver with Parts A & B,Member Cost with Medicare A & B Primary - Out-of-Pocket Maximum with Parts A & B,Member Cost with Medicare A & B Primary - Primary Care Physician Office Visit with Medicare A & B Primary,Member Cost with Medicare A & B Primary - Specialty Office Physician Visit with Parts A & B,Member Cost with Medicare A & B Primary - Inpatient Hospital Services with Parts A & B,Member Cost with Medicare A & B Primary - Outpatient Hospital Services with Parts A & B,Member Cost with Medicare A & B Primary - Part B Premium Reimbursement with Parts A & B,Member Cost with Medicare Advantage (Part C) Primary - Deductible Waiver with Part C,Member Cost with Medicare Advantage (Part C) Primary - Out-of-Pocket Maximum with Part C,Member Cost with Medicare Advantage (Part C) Primary - Primary Care Physician Office Visit with Medicare Advantage (Part C) Primary,Member Cost with Medicare Advantage (Part C) Primary - Specialty Physician Office Visit with Part C,Member Cost with Medicare Advantage (Part C) Primary - Inpatient Hospital Services with Part C,Member Cost with Medicare Advantage (Part C) Primary - Outpatient Hospital Services with Part C,Member Cost with Medicare Advantage (Part C) Primary - Part B Premium Reimbursement with Part C,Member Cost with Medicare Part D EGWP - Prescription Drug Deductible,Member Cost with Medicare Part D EGWP - Out-of-Pocket Maximum,Member Cost with Medicare Part D EGWP - EGWP Tier 0,Member Cost with Medicare Part D EGWP - EGWP Tier 1,Member Cost with Medicare Part D EGWP - EGWP Tier 2,Member Cost with Medicare Part D EGWP - EGWP Tier 3,Member Cost with Medicare Part D EGWP - EGWP Tier 4,Member Cost with Medicare Part D EGWP - EGWP Tier 5,Member Cost with Medicare Part D EGWP - EGWP Tier 6,Primary/Specialty Care - Preventive Care,Primary/Specialty Care - Primary Care Office Visit,Primary/Specialty Care - Specialist Office Visit,Primary/Specialty Care - Plan Requires Referral to See Certain Specialists,Emergency & Urgent Care - Emergency Care,Emergency & Urgent Care - Urgent Care,Emergency & Urgent Care - Accidental Injuries,Emergency & Urgent Care - Out-of-Pocket Waived,Surgery & Hospital Charges - Doctor Costs Inpatient Surgery,Surgery & Hospital Charges - Hospital Inpatient Cost,Surgery & Hospital Charges - Room & Board Charges,Surgery & Hospital Charges - Other Inpatient Costs,Surgery & Hospital Charges - Doctor Costs Outpatient Surgery,Surgery & Hospital Charges - Other Outpatient Costs,Surgery & Hospital Charges - Outpatient Tests,"Lab, X-Ray & Other Diagnostic Tests - Simple Diagnostic Tests/Procedures","Lab, X-Ray & Other Diagnostic Tests - Complex Diagnostic Tests/Procedures","Lab, X-Ray & Other Diagnostic Tests - Enhanced Lab Network",Prescription Drugs - Retail Generic,Prescription Drugs - Retail Brand,Prescription Drugs - Mail Service Pharmacy Benefit,Prescription Drugs - Specialty,Prescription Drugs - Mail Order Pharmacy Restriction,Prescription Drugs - Specialty Pharmacy Restriction,Prescription Drugs - Hormone Therapy,Prescription Drugs - Tier 0 Prescriptions,Prescription Drugs - Tier 1 Prescriptions,Prescription Drugs - Tier 2 Prescriptions,Prescription Drugs - Out-of-Pocket Maximum,Prescription Drugs - Tier 3 Prescriptions,Prescription Drugs - Tier 4 Prescriptions,Prescription Drugs - Tier 5 Prescriptions,Prescription Drugs - Tier 6 Prescriptions,"Treatment, Devices, and Services - Applied Behavioral Analysis (ABA)","Treatment, Devices, and Services - Is ABA Covered As Habilitative?","Treatment, Devices, and Services - Chiropractic","Treatment, Devices, and Services - Occupational Therapy","Treatment, Devices, and Services - Physical Therapy","Treatment, Devices, and Services - Speech Therapy","Treatment, Devices, and Services - Professional Services (Mental Health and Substance Use Disorder)","Treatment, Devices, and Services - Inpatient Hospital (Mental Health and Substance Use Disorder Services)","Treatment, Devices, and Services - Outpatient Hospital (Mental Health and Substance Use Disorder Services)","Treatment, Devices, and Services - Infertility Services","Treatment, Devices, and Services - Fertility Preservation Procedures (e.g., iatrogenic infertility) (Infertility Services)","Treatment, Devices, and Services - Artificial Insemination Services (e.g. ICI, IVI, IUI)","Treatment, Devices, and Services - Assisted Reproductive Technology (ART) (e.g., IVF, GIFT, ZIFT) (Infertility Services)","Treatment, Devices, and Services - Surgical Procedures","Treatment, Devices, and Services - Reconstructive Surgery","Treatment, Devices, and Services - Gender Affirming Surgery","Treatment, Devices, and Services - Hearing Services","Treatment, Devices, and Services - Hearing Aids (External)","Treatment, Devices, and Services - Maternity Care","Treatment, Devices, and Services - Maternity Care - Hospital Stay","Treatment, Devices, and Services - Hospice Care","Treatment, Devices, and Services - Home Health Services (Skilled Nursing Care)","Treatment, Devices, and Services - Durable Medical Equipment","Treatment, Devices, and Services - Outpatient Rehabilitation (Skilled Nursing Care Facility)","Treatment, Devices, and Services - Diabetes Education","Treatment, Devices, and Services - Nutritional Counseling",Dental - Routine Dental Exams and Cleaning for Adults,Dental - Routine Dental Exams and Cleaning for Children,Dental - Minor Restorative for Adults,Dental - Minor Restorative for Children,Dental - Major Restorative for Adults,Dental - Major Restorative for Children,Dental - Orthodontic,Vision - Routine Eye Exams,Vision - Eye Exams for Medical Condition or Non-Surgical Treatment,Vision - Eyeglass Frames & Lenses,Vision - Contacts,Alternative Care - Alternative Care,Alternative Care - Chronic Disease Management: Asthma,Alternative Care - Chronic Disease Management: Heart Disease,Alternative Care - Chronic Disease Management: Hypertension,Alternative Care - Chronic Disease Management: Obesity
APWU Health Plan,APWU CDHP S,CDHP,474,Self,343.99,257.99,86,745.31,558.98,186.33,0,1200,6500,0,2200,Yes,HRA,N/A,6500,0.15,0.15,0.15,0.15,No,N/A,N/A,N/A,N/A,N/A,N/A,N/A,N/A,N/A,N/A,N/A,N/A,N/A,N/A,N/A,N/A,0,0.15,0.15,No,0.15,0.15,0.15,No,15% $1000 Calendar Year Deductible,0.15,0.15,15% $1000 Calendar Year Deductible,0.15,15% $1000 Calendar Year Deductible,0.15,0.15,0.15,N/A,$15 Min Tier 1: 25% $200 Max Tier 2: 25% $200 Max Tier 3: 40% $300 Max,$15 Min Tier 1: 25% $200 Max Tier 2: 25% $200 Max Tier 3: 40% $300 Max,Yes,$15 Min Tier 1: 25% $200 Max Tier 2: 25% $200 Max Tier 3: 40% $300 Max,Yes,Yes,Covered,0,0.25,0.25,0,0.4,1,1,N/A,0.15,Yes,0.15,0.15,0.15,0.15,15% $1000 Calendar Year Deductible,15% $1000 Calendar Year Deductible,15% $1000 Calendar Year Deductible,0.15,15% $1000 Calendar Year Deductible $12000 Max,15% $1000 Calendar Year Deductible,Member Pays All Charges,15% $1000 Calendar Year Deductible,15% $1000 Calendar Year Deductible,15% $1000 Calendar Year Deductible,0.15,Covered $1500,0,0,$15000 Max,15% $1000 Calendar Year Deductible,15% $1000 Calendar Year Deductible,15% $1000 Calendar Year Deductible,15% $1000 Calendar Year Deductible,15% $1000 Calendar Year Deductible,No,No,No,No,No,No,No,No,Yes,No,No,Yes,Covered,Covered,Covered,Covered
APWU Health Plan,APWU CDHP SF,CDHP,475,Self + Family,815.61,611.71,203.9,1767.16,1325.37,441.79,0,2400,13000,0,4400,Yes,HRA,N/A,6500,0.15,0.15,0.15,0.15,No,N/A,N/A,N/A,N/A,N/A,N/A,N/A,N/A,N/A,N/A,N/A,N/A,N/A,N/A,N/A,N/A,0,0.15,0.15,No,0.15,0.15,0.15,No,15% $1000 Calendar Year Deductible,0.15,0.15,15% $1000 Calendar Year Deductible,0.15,15% $1000 Calendar Year Deductible,0.15,0.15,0.15,N/A,$15 Min Tier 1: 25% $200 Max Tier 2: 25% $200 Max Tier 3: 40% $300 Max,$15 Min Tier 1: 25% $200 Max Tier 2: 25% $200 Max Tier 3: 40% $300 Max,Yes,$15 Min Tier 1: 25% $200 Max Tier 2: 25% $200 Max Tier 3: 40% $300 Max,Yes,Yes,Covered,0,0.25,0.25,0,0.4,1,1,N/A,0.15,Yes,0.15,0.15,0.15,0.15,15% $1000 Calendar Year Deductible,15% $1000 Calendar Year Deductible,15% $1000 Calendar Year Deductible,0.15,15% $1000 Calendar Year Deductible $12000 Max,15% $1000 Calendar Year Deductible,Member Pays All Charges,15% $1000 Calendar Year Deductible,15% $1000 Calendar Year Deductible,15% $1000 Calendar Year Deductible,0.15,Covered $1500,0,0,$15000 Max,15% $1000 Calendar Year Deductible,15% $1000 Calendar Year Deductible,15% $1000 Calendar Year Deductible,15% $1000 Calendar Year Deductible,15% $1000 Calendar Year Deductible,No,No,No,No,No,No,No,No,Yes,No,No,Yes,Covered,Covered,Covered,Covered
APWU Health Plan,APWU CDHP SO,CDHP,476,Self + One,747.64,560.73,186.91,1619.89,1214.92,404.97,0,2400,13000,0,4400,Yes,HRA,N/A,6500,0.15,0.15,0.15,0.15,No,N/A,N/A,N/A,N/A,N/A,N/A,N/A,N/A,N/A,N/A,N/A,N/A,N/A,N/A,N/A,N/A,0,0.15,0.15,No,0.15,0.15,0.15,No,15% $1000 Calendar Year Deductible,0.15,0.15,15% $1000 Calendar Year Deductible,0.15,15% $1000 Calendar Year Deductible,0.15,0.15,0.15,N/A,$15 Min Tier 1: 25% $200 Max Tier 2: 25% $200 Max Tier 3: 40% $300 Max,$15 Min Tier 1: 25% $200 Max Tier 2: 25% $200 Max Tier 3: 40% $300 Max,Yes,$15 Min Tier 1: 25% $200 Max Tier 2: 25% $200 Max Tier 3: 40% $300 Max,Yes,Yes,Covered,0,0.25,0.25,0,0.4,1,1,N/A,0.15,Yes,0.15,0.15,0.15,0.15,15% $1000 Calendar Year Deductible,15% $1000 Calendar Year Deductible,15% $1000 Calendar Year Deductible,0.15,15% $1000 Calendar Year Deductible $12000 Max,15% $1000 Calendar Year Deductible,Member Pays All Charges,15% $1000 Calendar Year Deductible,15% $1000 Calendar Year Deductible,15% $1000 Calendar Year Deductible,0.15,Covered $1500,0,0,$15000 Max,15% $1000 Calendar Year Deductible,15% $1000 Calendar Year Deductible,15% $1000 Calendar Year Deductible,15% $1000 Calendar Year Deductible,15% $1000 Calendar Year Deductible,No,No,No,No,No,No,No,No,Yes,No,No,Yes,Covered,Covered,Covered,Covered
APWU Health Plan,APWU High S,High,471,Self,407.83,298.08,109.75,883.63,645.84,237.79,0,0,6500,0,450,No,N/A,Deductible Waived,6500,0,0,0,0,N/A,Deductible Waived,Prescription Max $2000,0,0,0,0,1200,N/A,2000,0,10,25% $200 Max,0.25,25% $300 Max,N/A,N/A,0,25,25,No,0.15,30,0,No,15% $450 Calendar Year Deductible,0.15,0.15,15% $0 Calendar Year Deductible,0.15,15% $450 Calendar Year Deductible,0.15,0.15,0.15,0,Tier 1: $10 Tier 2: 25% $200 Max Tier 3: 45% $300 Max,Tier 1: $10 Tier 2: 25% $200 Max Tier 3: 45% $300 Max,Yes,Tier 4: 25% $300 Max Tier 5: 25% $600 Max Tier 6: 45% $1000 Max,Yes,Yes,Covered,0,10,0.25,0,0.45,0.25,0.25,45% $1000 Max,0.15,Yes,25,0.15,0.15,0.15,25,15% $0 Calendar Year Deductible,15% $450 Calendar Year Deductible,0.15,15% $450 Calendar Year Deductible $12000 Max,15% $450 Calendar Year Deductible,Member Pays All Charges,15% $450 Calendar Year Deductible,15% $450 Calendar Year Deductible,15% $450 Calendar Year Deductible,0.15,Covered $1500,0,0,$15000 Max,15% $450 Calendar Year Deductible,15% $450 Calendar Year Deductible,0.15,15% $450 Calendar Year Deductible,0,Yes,Yes,Yes,Yes,No,No,No,No,Yes,No,No,Yes,Covered,Covered,Covered,Covered
APWU Health Plan,APWU High SF,High,472,Self + Family,978.73,714.23,264.5,2120.58,1547.5,573.08,0,0,13000,0,800,No,N/A,Deductible Waived,6500,0,0,0,0,N/A,Deductible Waived,Prescription Max $2000,0,0,0,0,1200,N/A,2000,0,10,25% $200 Max,0.25,25% $300 Max,N/A,N/A,0,25,25,No,0.15,30,0,No,15% $450 Calendar Year Deductible,0.15,0.15,15% $0 Calendar Year Deductible,0.15,15% $450 Calendar Year Deductible,0.15,0.15,0.15,0,Tier 1: $10 Tier 2: 25% $200 Max Tier 3: 45% $300 Max,Tier 1: $10 Tier 2: 25% $200 Max Tier 3: 45% $300 Max,Yes,Tier 4: 25% $300 Max Tier 5: 25% $600 Max Tier 6: 45% $1000 Max,Yes,Yes,Covered,0,10,0.25,0,0.45,0.25,0.25,45% $1000 Max,0.15,Yes,25,0.15,0.15,0.15,25,15% $0 Calendar Year Deductible,15% $450 Calendar Year Deductible,0.15,15% $450 Calendar Year Deductible $12000 Max,15% $450 Calendar Year Deductible,Member Pays All Charges,15% $450 Calendar Year Deductible,15% $450 Calendar Year Deductible,15% $450 Calendar Year Deductible,0.15,Covered $1500,0,0,$15000 Max,15% $450 Calendar Year Deductible,15% $450 Calendar Year Deductible,0.15,15% $450 Calendar Year Deductible,0,Yes,Yes,Yes,Yes,No,No,No,No,Yes,No,No,Yes,Covered,Covered,Covered,Covered
APWU Health Plan,APWU High SO,High,473,Self + One,856.39,642.29,214.1,1855.51,1391.63,463.88,0,0,13000,0,800,No,N/A,Deductible Waived,6500,0,0,0,0,N/A,Deductible Waived,Prescription Max $2000,0,0,0,0,1200,N/A,2000,0,10,25% $200 Max,0.25,25% $300 Max,N/A,N/A,0,25,25,No,0.15,30,0,No,15% $450 Calendar Year Deductible,0.15,0.15,15% $0 Calendar Year Deductible,0.15,15% $450 Calendar Year Deductible,0.15,0.15,0.15,0,Tier 1: $10 Tier 2: 25% $200 Max Tier 3: 45% $300 Max,Tier 1: $10 Tier 2: 25% $200 Max Tier 3: 45% $300 Max,Yes,Tier 4: 25% $300 Max Tier 5: 25% $600 Max Tier 6: 45% $1000 Max,Yes,Yes,Covered,0,10,0.25,0,0.45,0.25,0.25,45% $1000 Max,0.15,Yes,25,0.15,0.15,0.15,25,15% $0 Calendar Year Deductible,15% $450 Calendar Year Deductible,0.15,15% $450 Calendar Year Deductible $12000 Max,15% $450 Calendar Year Deductible,Member Pays All Charges,15% $450 Calendar Year Deductible,15% $450 Calendar Year Deductible,15% $450 Calendar Year Deductible,0.15,Covered $1500,0,0,$15000 Max,15% $450 Calendar Year Deductible,15% $450 Calendar Year Deductible,0.15,15% $450 Calendar Year Deductible,0,Yes,Yes,Yes,Yes,No,No,No,No,Yes,No,No,Yes,Covered,Covered,Covered,Covered
Blue Cross and Blue Shield Service Benefit Plan FEP Blue Basic,BCBS Basic S,Basic,111,Self,411.24,298.08,113.16,891.02,645.84,245.18,0,0,7500,0,0,No,N/A,N/A,$7500 $15000,0,0,0,0,800,N/A,$7500 $15000,0,0,0,0,No,N/A,2000,N/A,10,45,0.5,75,N/A,N/A,0,35,50,No,350,50,250,Yes,200,350,0,0,150,$250 Per Day Or $350 Per Day,40,40,40,N/A,Tier 1: $15,Tier 2: $75 Tier 3: 60% $90 Min,No,Tier 4: $120 Or Tier 5: $200,N/A,Yes,Covered,1,15,75,0,0.6,120,200,N/A,35,Yes,35,35,35,35,35,350,35,0.3,0.3,0.3,Member Pays All Charges,150,150,150,35,Covered,0,350,0,Member Pays All Charges,0.3,35,$35 Or $50,0,Yes,Yes,No,No,No,No,No,No,Yes,No,No,Yes,Covered,Covered,Covered,Covered
Blue Cross and Blue Shield Service Benefit Plan FEP Blue Basic,BCBS Basic SF,Basic,112,Self + Family,1017.84,714.23,303.61,2205.32,1547.5,657.82,0,0,15000,0,0,No,N/A,N/A,$7500 $15000,0,0,0,0,800,N/A,$7500 $15000,0,0,0,0,No,N/A,2000,N/A,10,45,0.5,75,N/A,N/A,0,35,50,No,350,50,250,Yes,200,350,0,0,150,$250 Per Day Or $350 Per Day,40,40,40,N/A,Tier 1: $15,Tier 2: $75 Tier 3: 60% $90 Min,No,Tier 4: $120 Or Tier 5: $200,N/A,Yes,Covered,1,15,75,0,0.6,120,200,N/A,35,Yes,35,35,35,35,35,350,35,0.3,0.3,0.3,Member Pays All Charges,150,150,150,35,Covered,0,350,0,Member Pays All Charges,0.3,35,$35 Or $50,0,Yes,Yes,No,No,No,No,No,No,Yes,No,No,Yes,Covered,Covered,Covered,Covered
Blue Cross and Blue Shield Service Benefit Plan FEP Blue Basic,BCBS Basic SO,Basic,113,Self + One,924.14,650,274.14,2002.3,1408.33,593.97,0,0,15000,0,0,No,N/A,N/A,$7500 $15000,0,0,0,0,800,N/A,$7500 $15000,0,0,0,0,No,N/A,2000,N/A,10,45,0.5,75,N/A,N/A,0,35,50,No,350,50,250,Yes,200,350,0,0,150,$250 Per Day Or $350 Per Day,40,40,40,N/A,Tier 1: $15,Tier 2: $75 Tier 3: 60% $90 Min,No,Tier 4: $120 Or Tier 5: $200,N/A,Yes,Covered,1,15,75,0,0.6,120,200,N/A,35,Yes,35,35,35,35,35,350,35,0.3,0.3,0.3,Member Pays All Charges,150,150,150,35,Covered,0,350,0,Member Pays All Charges,0.3,35,$35 Or $50,0,Yes,Yes,No,No,No,No,No,No,Yes,No,No,Yes,Covered,Covered,Covered,Covered
Blue Cross and Blue Shield Service Benefit Plan FEP Blue Focus,BCBS Focus S,FEP Blue Focus,131,Self,236.7,177.53,59.17,512.85,384.64,128.21,0,0,9000,0,500,No,N/A,$500 $1000,$9000 $18000,0,0,0,0,No,$500 $1000,$9000 $18000,0,0,0,0,No,N/A,2000,N/A,5,0.4,0.4,0.4,N/A,N/A,0,0.3,0.3,No,0.3,25,0,No,0.3,0.3,0,0,0.3,$0 Or $25 Or 30%,0.3,0.3,0.3,N/A,Tier 1: $5,Tier 2: 40% $350 Max,No,40% $350 Max,N/A,Yes,Covered,1,5,0.4,0,0.4,0.4,1,N/A,0.3,Yes,25,25,25,25,10,0.3,0.3,0.3,0.3,0.3,Member Pays All Charges,0.3,0.3,0.3,10,Not Covered,0,1500,0,Member Pays All Charges,0.3,25,0.3,0,No,No,No,No,No,No,No,No,Yes,No,No,Yes,Covered,Covered,Covered,Covered
Blue Cross and Blue Shield Service Benefit Plan FEP Blue Focus,BCBS Focus SF,FEP Blue Focus,132,Self + Family,559.7,419.78,139.92,1212.68,909.51,303.17,0,0,18000,0,1000,No,N/A,$500 $1000,$9000 $18000,0,0,0,0,No,$500 $1000,$9000 $18000,0,0,0,0,No,N/A,2000,N/A,5,0.4,0.4,0.4,N/A,N/A,0,0.3,0.3,No,0.3,25,0,No,0.3,0.3,0,0,0.3,$0 Or $25 Or 30%,0.3,0.3,0.3,N/A,Tier 1: $5,Tier 2: 40% $350 Max,No,40% $350 Max,N/A,Yes,Covered,1,5,0.4,0,0.4,0.4,1,N/A,0.3,Yes,25,25,25,25,10,0.3,0.3,0.3,0.3,0.3,Member Pays All Charges,0.3,0.3,0.3,10,Not Covered,0,1500,0,Member Pays All Charges,0.3,25,0.3,0,No,No,No,No,No,No,No,No,Yes,No,No,Yes,Covered,Covered,Covered,Covered
Blue Cross and Blue Shield Service Benefit Plan FEP Blue Focus,BCBS Focus SO,FEP Blue Focus,133,Self + One,508.86,381.65,127.21,1102.53,826.9,275.63,0,0,18000,0,1000,No,N/A,$500 $1000,$9000 $18000,0,0,0,0,No,$500 $1000,$9000 $18000,0,0,0,0,No,N/A,2000,N/A,5,0.4,0.4,0.4,N/A,N/A,0,0.3,0.3,No,0.3,25,0,No,0.3,0.3,0,0,0.3,$0 Or $25 Or 30%,0.3,0.3,0.3,N/A,Tier 1: $5,Tier 2: 40% $350 Max,No,40% $350 Max,N/A,Yes,Covered,1,5,0.4,0,0.4,0.4,1,N/A,0.3,Yes,25,25,25,25,10,0.3,0.3,0.3,0.3,0.3,Member Pays All Charges,0.3,0.3,0.3,10,Not Covered,0,1500,0,Member Pays All Charges,0.3,25,0.3,0,No,No,No,No,No,No,No,No,Yes,No,No,Yes,Covered,Covered,Covered,Covered
Blue Cross and Blue Shield Service Benefit Plan FEP Blue Standard,BCBS STD S,Standard,104,Self,472.89,298.08,174.81,1024.6,645.84,378.76,0,0,6000,0,350,No,N/A,Deductible Waived,$6000 $12000,0,0,0,0,No,Deductible Waived,$6000 $12000,0,0,0,0,No,N/A,2000,N/A,5,35,0.5,60,N/A,N/A,0,30,40,No,0.15,30,0,No,0.15,350,0,0,0.15,0.15,0.15,0.15,0.15,N/A,Tier 1: $7.50,Tier 2: 30% Tier 3: 50%,Yes,Tier 4: $65 Tier 5: $85 Or Tier 5: 30%,Yes,Yes,Covered,1,7.5,0.3,0,0.5,0.3,0.3,N/A,0.15,Yes,30,30,30,30,30,350,0.15,0.15,0.15,0.15,0.15,0.15,0.15,0.15,0.15,Covered,0,0,0,175,0.15,30,0.15,0,Yes,Yes,No,No,No,No,No,No,Yes,No,No,Yes,Covered,Covered,Covered,Covered
Blue Cross and Blue Shield Service Benefit Plan FEP Blue Standard,BCBS STD SF,Standard,105,Self + Family,1138.88,714.23,424.65,2467.57,1547.5,920.07,0,0,12000,0,700,No,N/A,Deductible Waived,$6000 $12000,0,0,0,0,No,Deductible Waived,$6000 $12000,0,0,0,0,No,N/A,2000,N/A,5,35,0.5,60,N/A,N/A,0,30,40,No,0.15,30,0,No,0.15,350,0,0,0.15,0.15,0.15,0.15,0.15,N/A,Tier 1: $7.50,Tier 2: 30% Tier 3: 50%,Yes,Tier 4: $65 Tier 5: $85 Or Tier 5: 30%,Yes,Yes,Covered,1,7.5,0.3,0,0.5,0.3,0.3,N/A,0.15,Yes,30,30,30,30,30,350,0.15,0.15,0.15,0.15,0.15,0.15,0.15,0.15,0.15,Covered,0,0,0,175,0.15,30,0.15,0,Yes,Yes,No,No,No,No,No,No,Yes,No,No,Yes,Covered,Covered,Covered,Covered
Blue Cross and Blue Shield Service Benefit Plan FEP Blue Standard,BCBS STD SO,Standard,106,Self + One,1034.14,650,384.14,2240.64,1408.33,832.31,0,0,12000,0,700,No,N/A,Deductible Waived,$6000 $12000,0,0,0,0,No,Deductible Waived,$6000 $12000,0,0,0,0,No,N/A,2000,N/A,5,35,0.5,60,N/A,N/A,0,30,40,No,0.15,30,0,No,0.15,350,0,0,0.15,0.15,0.15,0.15,0.15,N/A,Tier 1: $7.50,Tier 2: 30% Tier 3: 50%,Yes,Tier 4: $65 Tier 5: $85 Or Tier 5: 30%,Yes,Yes,Covered,1,7.5,0.3,0,0.5,0.3,0.3,N/A,0.15,Yes,30,30,30,30,30,350,0.15,0.15,0.15,0.15,0.15,0.15,0.15,0.15,0.15,Covered,0,0,0,175,0.15,30,0.15,0,Yes,Yes,No,No,No,No,No,No,Yes,No,No,Yes,Covered,Covered,Covered,Covered
Compass Rose Health Plan,Compass Rose High S,High,421,Self,422.56,298.08,124.48,915.55,645.84,269.71,0,0,5000,0,350,No,N/A,Deductible Waived,$5000 $10000,0,0,0,0,No,Deductible Waived,0,0,0,0,0,1500,Deductible Waived,2000,0,1,25,50,25% $75 Max,N/A,N/A,0,15,25,No,0.1,35,0.1,Yes,10% No deductible,200,0,0,0.1,10% $350 Calendar Year Deductible,0.1,0.1,0.1,0,Tier 1: $5,Tier 2: $50 Tier 3: 40% $75 Min,Yes,Tier 4: 10% $100 Max Tier 5: 25% $250 Max Tier 6: 35% $500 Max,Yes,Yes,Covered,0,5,50,0,0.4,0.1,0.25,35% $500 Max,0.1,Yes,0.1,0.1,0.1,0.1,$15 No deductible,$200 No deductible,10% $350 Calendar Year Deductible,0.1,10% $350 Calendar Year Deductible $5000 Max,10% $350 Calendar Year Deductible,Member Pays All Charges,10% No deductible,10% No deductible,10% No deductible,0,$2400 Covered $350 Calendar Year Deductible,0,0,10% $350 Calendar Year Deductible,10% No deductible,10% $350 Calendar Year Deductible,10% $350 Calendar Year Deductible,$15 No deductible,$15 No deductible,Yes,Yes,Yes,Yes,No,No,No,No,Yes,No,No,Yes,Covered,Covered,Covered,Covered
Compass Rose Health Plan,Compass Rose High SF,High,422,Self + Family,1014.18,714.23,299.95,2197.39,1547.5,649.89,0,0,10000,0,700,No,N/A,Deductible Waived,$5000 $10000,0,0,0,0,No,Deductible Waived,0,0,0,0,0,1500,Deductible Waived,2000,0,1,25,50,25% $75 Max,N/A,N/A,0,15,25,No,0.1,35,0.1,Yes,10% No deductible,200,0,0,0.1,10% $350 Calendar Year Deductible,0.1,0.1,0.1,0,Tier 1: $5,Tier 2: $50 Tier 3: 40% $75 Min,Yes,Tier 4: 10% $100 Max Tier 5: 25% $250 Max Tier 6: 35% $500 Max,Yes,Yes,Covered,0,5,50,0,0.4,0.1,0.25,35% $500 Max,0.1,Yes,0.1,0.1,0.1,0.1,$15 No deductible,$200 No deductible,10% $350 Calendar Year Deductible,0.1,10% $350 Calendar Year Deductible $5000 Max,10% $350 Calendar Year Deductible,Member Pays All Charges,10% No deductible,10% No deductible,10% No deductible,0,$2400 Covered $350 Calendar Year Deductible,0,0,10% $350 Calendar Year Deductible,10% No deductible,10% $350 Calendar Year Deductible,10% $350 Calendar Year Deductible,$15 No deductible,$15 No deductible,Yes,Yes,Yes,Yes,No,No,No,No,Yes,No,No,Yes,Covered,Covered,Covered,Covered
Compass Rose Health Plan,Compass Rose High SO,High,423,Self + One,929.65,650,279.65,2014.24,1408.33,605.91,0,0,10000,0,700,No,N/A,Deductible Waived,$5000 $10000,0,0,0,0,No,Deductible Waived,0,0,0,0,0,1500,Deductible Waived,2000,0,1,25,50,25% $75 Max,N/A,N/A,0,15,25,No,0.1,35,0.1,Yes,10% No deductible,200,0,0,0.1,10% $350 Calendar Year Deductible,0.1,0.1,0.1,0,Tier 1: $5,Tier 2: $50 Tier 3: 40% $75 Min,Yes,Tier 4: 10% $100 Max Tier 5: 25% $250 Max Tier 6: 35% $500 Max,Yes,Yes,Covered,0,5,50,0,0.4,0.1,0.25,35% $500 Max,0.1,Yes,0.1,0.1,0.1,0.1,$15 No deductible,$200 No deductible,10% $350 Calendar Year Deductible,0.1,10% $350 Calendar Year Deductible $5000 Max,10% $350 Calendar Year Deductible,Member Pays All Charges,10% No deductible,10% No deductible,10% No deductible,0,$2400 Covered $350 Calendar Year Deductible,0,0,10% $350 Calendar Year Deductible,10% No deductible,10% $350 Calendar Year Deductible,10% $350 Calendar Year Deductible,$15 No deductible,$15 No deductible,Yes,Yes,Yes,Yes,No,No,No,No,Yes,No,No,Yes,Covered,Covered,Covered,Covered
Compass Rose Health Plan,Compass Rose STD S,Standard,424,Self,232.61,174.46,58.15,503.99,377.99,126,0,0,9000,0,500,No,N/A,N/A,$9000 $18000,35,70,0.3,0.3,No,N/A,N/A,N/A,N/A,N/A,N/A,N/A,N/A,N/A,N/A,N/A,N/A,N/A,N/A,N/A,N/A,0,10,30,No,500,50,500,Yes,30% $500 Calendar Year Deductible,0.3,0.3,30% $500 Calendar Year Deductible,0.3,30% $500 Calendar Year Deductible,0.3,0.3,0.3,30% $500 Calendar Year Deductible,Tier 1: $5,Tier 2: 40% $400 Max Tier 3: 100%,Yes,Tier 4: 50% $500 Max Tier 5: 50% $1500 Max Tier 6: 100%,Yes,Yes,Covered,0,5,0.4,0,1,0.5,0.5,1,0.3,Yes,0.3,0.3,0.3,0.3,$10 No deductible,30% $500 Calendar Year Deductible,30% $500 Calendar Year Deductible,0.3,30% $500 Calendar Year Deductible $1000 Max,30% $500 Calendar Year Deductible,Member Pays All Charges,30% $500 Calendar Year Deductible,30% $500 Calendar Year Deductible,30% $500 Calendar Year Deductible,0.3,Not Covered,30% $500 Calendar Year Deductible,0.3,30% $500 Calendar Year Deductible,30% $500 Calendar Year Deductible,30% $500 Calendar Year Deductible,Member Pays All Charges,30% $500 Calendar Year Deductible,30% $500 Calendar Year Deductible,Yes,Yes,Yes,Yes,No,No,No,Yes,Yes,Yes,Yes,Yes,Covered,Covered,Covered,Covered
Compass Rose Health Plan,Compass Rose STD SF,Standard,425,Self + Family,558.27,418.7,139.57,1209.59,907.19,302.4,0,0,18000,0,1000,No,N/A,N/A,$9000 $18000,35,70,0.3,0.3,No,N/A,N/A,N/A,N/A,N/A,N/A,N/A,N/A,N/A,N/A,N/A,N/A,N/A,N/A,N/A,N/A,0,10,30,No,500,50,500,Yes,30% $500 Calendar Year Deductible,0.3,0.3,30% $500 Calendar Year Deductible,0.3,30% $500 Calendar Year Deductible,0.3,0.3,0.3,30% $500 Calendar Year Deductible,Tier 1: $5,Tier 2: 40% $400 Max Tier 3: 100%,Yes,Tier 4: 50% $500 Max Tier 5: 50% $1500 Max Tier 6: 100%,Yes,Yes,Covered,0,5,0.4,0,1,0.5,0.5,1,0.3,Yes,0.3,0.3,0.3,0.3,$10 No deductible,30% $500 Calendar Year Deductible,30% $500 Calendar Year Deductible,0.3,30% $500 Calendar Year Deductible $1000 Max,30% $500 Calendar Year Deductible,Member Pays All Charges,30% $500 Calendar Year Deductible,30% $500 Calendar Year Deductible,30% $500 Calendar Year Deductible,0.3,Not Covered,30% $500 Calendar Year Deductible,0.3,30% $500 Calendar Year Deductible,30% $500 Calendar Year Deductible,30% $500 Calendar Year Deductible,Member Pays All Charges,30% $500 Calendar Year Deductible,30% $500 Calendar Year Deductible,Yes,Yes,Yes,Yes,No,No,No,Yes,Yes,Yes,Yes,Yes,Covered,Covered,Covered,Covered
Compass Rose Health Plan,Compass Rose STD SO,Standard,426,Self + One,511.75,383.81,127.94,1108.79,831.59,277.2,0,0,18000,0,1000,No,N/A,N/A,$9000 $18000,35,70,0.3,0.3,No,N/A,N/A,N/A,N/A,N/A,N/A,N/A,N/A,N/A,N/A,N/A,N/A,N/A,N/A,N/A,N/A,0,10,30,No,500,50,500,Yes,30% $500 Calendar Year Deductible,0.3,0.3,30% $500 Calendar Year Deductible,0.3,30% $500 Calendar Year Deductible,0.3,0.3,0.3,30% $500 Calendar Year Deductible,Tier 1: $5,Tier 2: 40% $400 Max Tier 3: 100%,Yes,Tier 4: 50% $500 Max Tier 5: 50% $1500 Max Tier 6: 100%,Yes,Yes,Covered,0,5,0.4,0,1,0.5,0.5,1,0.3,Yes,0.3,0.3,0.3,0.3,$10 No deductible,30% $500 Calendar Year Deductible,30% $500 Calendar Year Deductible,0.3,30% $500 Calendar Year Deductible $1000 Max,30% $500 Calendar Year Deductible,Member Pays All Charges,30% $500 Calendar Year Deductible,30% $500 Calendar Year Deductible,30% $500 Calendar Year Deductible,0.3,Not Covered,30% $500 Calendar Year Deductible,0.3,30% $500 Calendar Year Deductible,30% $500 Calendar Year Deductible,30% $500 Calendar Year Deductible,Member Pays All Charges,30% $500 Calendar Year Deductible,30% $500 Calendar Year Deductible,Yes,Yes,Yes,Yes,No,No,No,Yes,Yes,Yes,Yes,Yes,Covered,Covered,Covered,Covered
Foreign Service Benefit Plan,FSBP High S,High,401,Self,373.44,280.08,93.36,809.12,606.84,202.28,0,0,5000,0,300,No,N/A,Deductible Waived,$5000.00 $7000.00,0,N/A,N/A,N/A,N/A,Deductible Waived,2000,0,N/A,N/A,N/A,$900 Max,N/A,2000,N/A,2,40,75,25% $150 Max,N/A,N/A,0,0.1,0.1,No,0.1,35,0,No,0.1,0,0,0,0.1,0.1,0.1,0.1,0.1,0,Tier 1: $10,Tier 2: 25% $30 Min $100 Max Tier 3: 35% $60 Min $200 Max,Yes,Tier 4: 25% $150 Max Tier 5: 25% $200 Max Tier 6: 35% $300 Max,Yes,Yes,Covered,1,10,0.25,0,0.35,0.25,0.25,35% $300 Max,0.1,Yes,75,0.1,0.1,0.1,$300 Calendar Year Deductible $600 Calendar Year Deductible 10%,$300 Calendar Year Deductible $600 Calendar Year Deductible 10%,$300 Calendar Year Deductible $600 Calendar Year Deductible 10%,0.1,0.1,0.1,0.1,0.1,0.1,0.1,0,Covered,0,0,0.1,0.1,0.1,0.1,10% $300 Calendar Year Deductible $600 Calendar Year Deductible,26 Combined Visits 0,Yes,Yes,No,No,No,No,Yes,No,Yes,No,No,Yes 50 Visit Limit,Covered,Covered,Covered,Covered
Foreign Service Benefit Plan,FSBP High SF,High,402,Self + Family,923.81,692.86,230.95,2001.59,1501.19,500.4,0,0,7000,0,600,No,N/A,Deductible Waived,$5000.00 $7000.00,0,N/A,N/A,N/A,N/A,Deductible Waived,2000,0,N/A,N/A,N/A,$900 Max,N/A,2000,N/A,2,40,75,25% $150 Max,N/A,N/A,0,0.1,0.1,No,0.1,35,0,No,0.1,0,0,0,0.1,0.1,0.1,0.1,0.1,0,Tier 1: $10,Tier 2: 25% $30 Min $100 Max Tier 3: 35% $60 Min $200 Max,Yes,Tier 4: 25% $150 Max Tier 5: 25% $200 Max Tier 6: 35% $300 Max,Yes,Yes,Covered,1,10,0.25,0,0.35,0.25,0.25,35% $300 Max,0.1,Yes,75,0.1,0.1,0.1,$300 Calendar Year Deductible $600 Calendar Year Deductible 10%,$300 Calendar Year Deductible $600 Calendar Year Deductible 10%,$300 Calendar Year Deductible $600 Calendar Year Deductible 10%,0.1,0.1,0.1,0.1,0.1,0.1,0.1,0,Covered,0,0,0.1,0.1,0.1,0.1,10% $300 Calendar Year Deductible $600 Calendar Year Deductible,26 Combined Visits 0,Yes,Yes,No,No,No,No,Yes,No,Yes,No,No,Yes 50 Visit Limit,Covered,Covered,Covered,Covered
Foreign Service Benefit Plan,FSBP High SO,High,403,Self + One,901.52,650,251.52,1953.29,1408.33,544.96,0,0,7000,0,600,No,N/A,Deductible Waived,$5000.00 $7000.00,0,N/A,N/A,N/A,N/A,Deductible Waived,2000,0,N/A,N/A,N/A,$900 Max,N/A,2000,N/A,2,40,75,25% $150 Max,N/A,N/A,0,0.1,0.1,No,0.1,35,0,No,0.1,0,0,0,0.1,0.1,0.1,0.1,0.1,0,Tier 1: $10,Tier 2: 25% $30 Min $100 Max Tier 3: 35% $60 Min $200 Max,Yes,Tier 4: 25% $150 Max Tier 5: 25% $200 Max Tier 6: 35% $300 Max,Yes,Yes,Covered,1,10,0.25,0,0.35,0.25,0.25,35% $300 Max,0.1,Yes,75,0.1,0.1,0.1,$300 Calendar Year Deductible $600 Calendar Year Deductible 10%,$300 Calendar Year Deductible $600 Calendar Year Deductible 10%,$300 Calendar Year Deductible $600 Calendar Year Deductible 10%,0.1,0.1,0.1,0.1,0.1,0.1,0.1,0,Covered,0,0,0.1,0.1,0.1,0.1,10% $300 Calendar Year Deductible $600 Calendar Year Deductible,26 Combined Visits 0,Yes,Yes,No,No,No,No,Yes,No,Yes,No,No,Yes 50 Visit Limit,Covered,Covered,Covered,Covered
GEHA Benefit Plan,GEHA High S,High,311,Self,435.19,298.08,137.11,942.91,645.84,297.07,0,0,6000,0,350,No,N/A,Deductible Waived,$6000 $12000,0,0,0,0,1000,Deductible Waived,0,0,0,0,0,$1200 Max,N/A,2000,0,9,20% $150 Max,35% $200 Max,15% $150 Max,15% $150 Max,N/A,0,20,30,No,0.15,30,0,No,0.1,100,0.1,0.1,0.1,0.1,0.1,0,0.1,N/A,10,25% $150 Max Or 40% $200 Max,Yes,25% $150 Max Or 40% $200 Max,Yes,Yes,Covered,0,10,0.25,0,0.4,0.25,0.4,N/A,0.1,Yes,20,0.1,0.1,0.1,20,$100 10%,0.1,0.1,0.1,0.1,0.2,0.1,0.1,0.1,0.1,Covered $2500,0,0,0 $30000 Max,0.1,0.1,0.1,0,0,Yes,Yes,Yes,Yes,No,No,No,No,Yes,No,No,Yes,Covered,Covered,Covered,Covered
GEHA Benefit Plan,GEHA High SF,High,312,Self + Family,1090.55,714.23,376.32,2362.86,1547.5,815.36,0,0,12000,0,700,No,N/A,Deductible Waived,$6000 $12000,0,0,0,0,1000,Deductible Waived,0,0,0,0,0,$1200 Max,N/A,2000,0,9,20% $150 Max,35% $200 Max,15% $150 Max,15% $150 Max,N/A,0,20,30,No,0.15,30,0,No,0.1,100,0.1,0.1,0.1,0.1,0.1,0,0.1,N/A,10,25% $150 Max Or 40% $200 Max,Yes,25% $150 Max Or 40% $200 Max,Yes,Yes,Covered,0,10,0.25,0,0.4,0.25,0.4,N/A,0.1,Yes,20,0.1,0.1,0.1,20,$100 10%,0.1,0.1,0.1,0.1,0.2,0.1,0.1,0.1,0.1,Covered $2500,0,0,0 $30000 Max,0.1,0.1,0.1,0,0,Yes,Yes,Yes,Yes,No,No,No,No,Yes,No,No,Yes,Covered,Covered,Covered,Covered
GEHA Benefit Plan,GEHA High SO,High,313,Self + One,957.42,650,307.42,2074.41,1408.33,666.08,0,0,12000,0,700,No,N/A,Deductible Waived,$6000 $12000,0,0,0,0,1000,Deductible Waived,0,0,0,0,0,$1200 Max,N/A,2000,0,9,20% $150 Max,35% $200 Max,15% $150 Max,15% $150 Max,N/A,0,20,30,No,0.15,30,0,No,0.1,100,0.1,0.1,0.1,0.1,0.1,0,0.1,N/A,10,25% $150 Max Or 40% $200 Max,Yes,25% $150 Max Or 40% $200 Max,Yes,Yes,Covered,0,10,0.25,0,0.4,0.25,0.4,N/A,0.1,Yes,20,0.1,0.1,0.1,20,$100 10%,0.1,0.1,0.1,0.1,0.2,0.1,0.1,0.1,0.1,Covered $2500,0,0,0 $30000 Max,0.1,0.1,0.1,0,0,Yes,Yes,Yes,Yes,No,No,No,No,Yes,No,No,Yes,Covered,Covered,Covered,Covered
GEHA Benefit Plan,GEHA STD S,Standard,314,Self,321.29,240.97,80.32,696.13,522.1,174.03,0,0,6500,0,350,No,N/A,Deductible Waived,$6500 $13000,0,0,0,0,No,Deductible Waived,0,0,0,0,0,$900 Max,N/A,2000,0,9,25% $200 Max,50% $300 Max,33% $250 Max,33% $250 Max,N/A,0,20,35,No,0.2,30,0.2,No,0.15,0.15,0.15,0.15,0.15,0.15,0.15,0.15,100,0,10,40% $250 Max Or 60% $350 Max,Yes,50% $250 Max Or 50% $400 Max,Yes,Yes,Covered,0,10,0.4,0,0.6,0.5,0.5,N/A,0.15,Yes,35,0.15,0.15,0.15,20,0.15,0.15,0.15,0.15,0.15,Member Pays All Charges,0.15,0.15,0.15,0.15,Covered $2500,0,0,0 $30000 Max,0.15,0.15,0.15,0,0,Yes,Yes,Yes,Yes,No,No,No,No,Yes,No,No,Yes,Covered,Covered,Covered,Covered
GEHA Benefit Plan,GEHA STD SF,Standard,315,Self + Family,857.21,642.91,214.3,1857.29,1392.97,464.32,0,0,13000,0,700,No,N/A,Deductible Waived,$6500 $13000,0,0,0,0,No,Deductible Waived,0,0,0,0,0,$900 Max,N/A,2000,0,9,25% $200 Max,50% $300 Max,33% $250 Max,33% $250 Max,N/A,0,20,35,No,0.2,30,0.2,No,0.15,0.15,0.15,0.15,0.15,0.15,0.15,0.15,100,0,10,40% $250 Max Or 60% $350 Max,Yes,50% $250 Max Or 50% $400 Max,Yes,Yes,Covered,0,10,0.4,0,0.6,0.5,0.5,N/A,0.15,Yes,35,0.15,0.15,0.15,20,0.15,0.15,0.15,0.15,0.15,Member Pays All Charges,0.15,0.15,0.15,0.15,Covered $2500,0,0,0 $30000 Max,0.15,0.15,0.15,0,0,Yes,Yes,Yes,Yes,No,No,No,No,Yes,No,No,Yes,Covered,Covered,Covered,Covered
GEHA Benefit Plan,GEHA STD SO,Standard,316,Self + One,690.8,518.1,172.7,1496.73,1122.55,374.18,0,0,13000,0,700,No,N/A,Deductible Waived,$6500 $13000,0,0,0,0,No,Deductible Waived,0,0,0,0,0,$900 Max,N/A,2000,0,9,25% $200 Max,50% $300 Max,33% $250 Max,33% $250 Max,N/A,0,20,35,No,0.2,30,0.2,No,0.15,0.15,0.15,0.15,0.15,0.15,0.15,0.15,100,0,10,40% $250 Max Or 60% $350 Max,Yes,50% $250 Max Or 50% $400 Max,Yes,Yes,Covered,0,10,0.4,0,0.6,0.5,0.5,N/A,0.15,Yes,35,0.15,0.15,0.15,20,0.15,0.15,0.15,0.15,0.15,Member Pays All Charges,0.15,0.15,0.15,0.15,Covered $2500,0,0,0 $30000 Max,0.15,0.15,0.15,0,0,Yes,Yes,Yes,Yes,No,No,No,No,Yes,No,No,Yes,Covered,Covered,Covered,Covered
GEHA HDHP,GEHA HDHP S,HDHP,341,Self,305.1,228.83,76.27,661.05,495.79,165.26,0,1000,6000,0,1650,Yes,HSA,$1650 $3300,$6000 $12000,0.05,0.05,0.05,0.05,1000,N/A,N/A,N/A,N/A,N/A,N/A,N/A,N/A,N/A,N/A,N/A,N/A,N/A,N/A,N/A,N/A,0,0.05,0.05,No,0.05,0.05,0.05,No,0.05,0.05,0.05,0.05,0.05,0.05,0.05,0.05,0.05,N/A,0.25,25% Or 40%,Yes,25% Or 40%,Yes,Yes,Covered,0,0.25,0.25,0,0.4,0.25,0.4,N/A,0.05,Yes,0.05,0.05,0.05,0.05,0.05,0.05,0.05,0.05,0.05,0.05,Member Pays All Charges,0.05,0.05,0.05,0.05,Not Covered,0,0,5% $30000 Max,0.05,0.05,0.05,0,0,Yes,Yes,Yes,Yes,No,No,No,Yes,Yes,Yes,Yes,Yes,Covered,Covered,Covered,Covered
GEHA HDHP,GEHA HDHP SF,HDHP,342,Self + Family,806.08,604.56,201.52,1746.51,1309.88,436.63,0,2000,12000,0,3300,Yes,HSA,$1650 $3300,$6000 $12000,0.05,0.05,0.05,0.05,1000,N/A,N/A,N/A,N/A,N/A,N/A,N/A,N/A,N/A,N/A,N/A,N/A,N/A,N/A,N/A,N/A,0,0.05,0.05,No,0.05,0.05,0.05,No,0.05,0.05,0.05,0.05,0.05,0.05,0.05,0.05,0.05,N/A,0.25,25% Or 40%,Yes,25% Or 40%,Yes,Yes,Covered,0,0.25,0.25,0,0.4,0.25,0.4,N/A,0.05,Yes,0.05,0.05,0.05,0.05,0.05,0.05,0.05,0.05,0.05,0.05,Member Pays All Charges,0.05,0.05,0.05,0.05,Not Covered,0,0,5% $30000 Max,0.05,0.05,0.05,0,0,Yes,Yes,Yes,Yes,No,No,No,Yes,Yes,Yes,Yes,Yes,Covered,Covered,Covered,Covered
GEHA HDHP,GEHA HDHP SO,HDHP,343,Self + One,655.96,491.97,163.99,1421.25,1065.94,355.31,0,2000,12000,0,3300,Yes,HSA,$1650 $3300,$6000 $12000,0.05,0.05,0.05,0.05,1000,N/A,N/A,N/A,N/A,N/A,N/A,N/A,N/A,N/A,N/A,N/A,N/A,N/A,N/A,N/A,N/A,0,0.05,0.05,No,0.05,0.05,0.05,No,0.05,0.05,0.05,0.05,0.05,0.05,0.05,0.05,0.05,N/A,0.25,25% Or 40%,Yes,25% Or 40%,Yes,Yes,Covered,0,0.25,0.25,0,0.4,0.25,0.4,N/A,0.05,Yes,0.05,0.05,0.05,0.05,0.05,0.05,0.05,0.05,0.05,0.05,Member Pays All Charges,0.05,0.05,0.05,0.05,Not Covered,0,0,5% $30000 Max,0.05,0.05,0.05,0,0,Yes,Yes,Yes,Yes,No,No,No,Yes,Yes,Yes,Yes,Yes,Covered,Covered,Covered,Covered
GEHA Indemnity Benefit Plan,GEHA Elev Plus S,Elevate Plus,251,Self,441.57,298.08,143.49,956.74,645.84,310.9,0,0,7000,0,200,No,N/A,Deductible Waived,7000,0,0,0,0,No,N/A,N/A,N/A,N/A,N/A,N/A,N/A,N/A,N/A,N/A,N/A,N/A,N/A,N/A,N/A,N/A,0,30,50,No,0.15,50,0.15,Yes,0.15,0.15,1,N/A,0.15,0.15,50,50,100,N/A,10,$80 Or 50%,Yes,40% $500 Max Or 50%,Yes,Yes,Covered,0,10,80,0,0.5,0.4,0.5,N/A,30,Yes,30,40,40,40,30,0.15,0.15,0.15,$30 Or $50,0.15,Member Pays All Charges,0.15,0.15,0.15,40,Covered $1500,0,0.15,0 $30000 Max,30,0.15,0.15,0,0,No,No,No,No,No,No,No,No,Yes,No,No,Yes,Covered,Covered,Covered,Covered
GEHA Indemnity Benefit Plan,GEHA Elev Plus SF,Elevate Plus,252,Self + Family,1061.79,714.23,347.56,2300.55,1547.5,753.05,0,0,14000,0,400,No,N/A,Deductible Waived,7000,0,0,0,0,No,N/A,N/A,N/A,N/A,N/A,N/A,N/A,N/A,N/A,N/A,N/A,N/A,N/A,N/A,N/A,N/A,0,30,50,No,0.15,50,0.15,Yes,0.15,0.15,1,N/A,0.15,0.15,50,50,100,N/A,10,$80 Or 50%,Yes,40% $500 Max Or 50%,Yes,Yes,Covered,0,10,80,0,0.5,0.4,0.5,N/A,30,Yes,30,40,40,40,30,0.15,0.15,0.15,$30 Or $50,0.15,Member Pays All Charges,0.15,0.15,0.15,40,Covered $1500,0,0.15,0 $30000 Max,30,0.15,0.15,0,0,No,No,No,No,No,No,No,No,Yes,No,No,Yes,Covered,Covered,Covered,Covered
GEHA Indemnity Benefit Plan,GEHA Elev Plus SO,Elevate Plus,253,Self + One,967.29,650,317.29,2095.8,1408.33,687.47,0,0,14000,0,400,No,N/A,Deductible Waived,7000,0,0,0,0,No,N/A,N/A,N/A,N/A,N/A,N/A,N/A,N/A,N/A,N/A,N/A,N/A,N/A,N/A,N/A,N/A,0,30,50,No,0.15,50,0.15,Yes,0.15,0.15,1,N/A,0.15,0.15,50,50,100,N/A,10,$80 Or 50%,Yes,40% $500 Max Or 50%,Yes,Yes,Covered,0,10,80,0,0.5,0.4,0.5,N/A,30,Yes,30,40,40,40,30,0.15,0.15,0.15,$30 Or $50,0.15,Member Pays All Charges,0.15,0.15,0.15,40,Covered $1500,0,0.15,0 $30000 Max,30,0.15,0.15,0,0,No,No,No,No,No,No,No,No,Yes,No,No,Yes,Covered,Covered,Covered,Covered
GEHA Indemnity Benefit Plan,GEHA Elev S,Elevate,254,Self,231.31,173.48,57.83,501.17,375.88,125.29,0,0,8500,0,500,No,N/A,$500 $1000,8500,10,30,0.25,0.25,No,N/A,N/A,N/A,N/A,N/A,N/A,N/A,N/A,N/A,N/A,N/A,N/A,N/A,N/A,N/A,N/A,0,10,30,No,0.25,50,0.25,Yes,250,0.25,1,N/A,0.25,0.25,0.25,0.25,0.25,N/A,4,50% $500 Max Or Member Pays All Charges,No,50% $500 Max Or Member Pays All Charges,N/A,Yes,Covered,0,4,0.5,0,1,0.5,1,N/A,0.25,Yes,10,30,30,30,10,0.25,0.25,0.25,$10 Or $30,0.25,Member Pays All Charges,250,250,250,30,Not Covered,0,0.25,0 $30000 Max,0.25,0.25,Member Pays All Charges,0,0,No,No,No,No,No,No,No,No,Yes,No,No,Yes,Covered,Covered,Covered,Covered
GEHA Indemnity Benefit Plan,GEHA Elev SF,Elevate,255,Self + Family,679.35,509.51,169.84,1471.93,1103.95,367.98,0,0,17000,0,1000,No,N/A,$500 $1000,8500,10,30,0.25,0.25,No,N/A,N/A,N/A,N/A,N/A,N/A,N/A,N/A,N/A,N/A,N/A,N/A,N/A,N/A,N/A,N/A,0,10,30,No,0.25,50,0.25,Yes,250,0.25,1,N/A,0.25,0.25,0.25,0.25,0.25,N/A,4,50% $500 Max Or Member Pays All Charges,No,50% $500 Max Or Member Pays All Charges,N/A,Yes,Covered,0,4,0.5,0,1,0.5,1,N/A,0.25,Yes,10,30,30,30,10,0.25,0.25,0.25,$10 Or $30,0.25,Member Pays All Charges,250,250,250,30,Not Covered,0,0.25,0 $30000 Max,0.25,0.25,Member Pays All Charges,0,0,No,No,No,No,No,No,No,No,Yes,No,No,Yes,Covered,Covered,Covered,Covered
GEHA Indemnity Benefit Plan,GEHA Elev SO,Elevate,256,Self + One,558.03,418.52,139.51,1209.07,906.8,302.27,0,0,17000,0,1000,No,N/A,$500 $1000,8500,10,30,0.25,0.25,No,N/A,N/A,N/A,N/A,N/A,N/A,N/A,N/A,N/A,N/A,N/A,N/A,N/A,N/A,N/A,N/A,0,10,30,No,0.25,50,0.25,Yes,250,0.25,1,N/A,0.25,0.25,0.25,0.25,0.25,N/A,4,50% $500 Max Or Member Pays All Charges,No,50% $500 Max Or Member Pays All Charges,N/A,Yes,Covered,0,4,0.5,0,1,0.5,1,N/A,0.25,Yes,10,30,30,30,10,0.25,0.25,0.25,$10 Or $30,0.25,Member Pays All Charges,250,250,250,30,Not Covered,0,0.25,0 $30000 Max,0.25,0.25,Member Pays All Charges,0,0,No,No,No,No,No,No,No,No,Yes,No,No,Yes,Covered,Covered,Covered,Covered
MHBP Consumer Option,MHBP HDHP S,HDHP,481,Self,336.8,252.6,84.2,729.73,547.3,182.43,0,1200,6000,0,2000,Yes,HSA,Deductible Waived,$6000 $12000,0,0,0,0,No,N/A,6000,15,15,$75 Per Day Up To $750 Per Admission,75,No,N/A,2000,0,8,45,70,0.25,N/A,N/A,0,15,15,No,50,50,50,Yes,0,75,0,0,150,75,75,15,15,0,10,Tier 2: 30% + Difference Between Plan Allowance and Billed Amount $200 Max Tier 3: 50% + Difference Between Plan Allowance and Billed Amount $200 Max,Yes,Tier 4: 30% $225 Max Tier 5: 30% $225 Max Tier 6: 30% $275 Max,Yes,Yes,Covered,0,10,0.3,0,0.5,0.3,0.3,30% $275 Max,15,Yes,15,15,15,15,15,$75 $750 Max,15,15,15,15,Member Pays All Charges,0,0,0,15,Covered,0,0,5,15,0,75,0,0,No,No,No,No,No,No,No,No,Yes,Yes,Yes,Yes,Covered,Covered,Covered,Covered
MHBP Consumer Option,MHBP HDHP SF,HDHP,482,Self + Family,782.59,586.94,195.65,1695.61,1271.71,423.9,0,2400,12000,0,4000,Yes,HSA,Deductible Waived,$6000 $12000,0,0,0,0,No,N/A,6000,15,15,$75 Per Day Up To $750 Per Admission,75,No,N/A,2000,0,8,45,70,0.25,N/A,N/A,0,15,15,No,50,50,50,Yes,0,75,0,0,150,75,75,15,15,0,10,Tier 2: 30% + Difference Between Plan Allowance and Billed Amount $200 Max Tier 3: 50% + Difference Between Plan Allowance and Billed Amount $200 Max,Yes,Tier 4: 30% $225 Max Tier 5: 30% $225 Max Tier 6: 30% $275 Max,Yes,Yes,Covered,0,10,0.3,0,0.5,0.3,0.3,30% $275 Max,15,Yes,15,15,15,15,15,$75 $750 Max,15,15,15,15,Member Pays All Charges,0,0,0,15,Covered,0,0,5,15,0,75,0,0,No,No,No,No,No,No,No,No,Yes,Yes,Yes,Yes,Covered,Covered,Covered,Covered
MHBP Consumer Option,MHBP HDHP SO,HDHP,483,Self + One,745.34,559.01,186.33,1614.9,1211.18,403.72,0,2400,12000,0,4000,Yes,HSA,Deductible Waived,$6000 $12000,0,0,0,0,No,N/A,6000,15,15,$75 Per Day Up To $750 Per Admission,75,No,N/A,2000,0,8,45,70,0.25,N/A,N/A,0,15,15,No,50,50,50,Yes,0,75,0,0,150,75,75,15,15,0,10,Tier 2: 30% + Difference Between Plan Allowance and Billed Amount $200 Max Tier 3: 50% + Difference Between Plan Allowance and Billed Amount $200 Max,Yes,Tier 4: 30% $225 Max Tier 5: 30% $225 Max Tier 6: 30% $275 Max,Yes,Yes,Covered,0,10,0.3,0,0.5,0.3,0.3,30% $275 Max,15,Yes,15,15,15,15,15,$75 $750 Max,15,15,15,15,Member Pays All Charges,0,0,0,15,Covered,0,0,5,15,0,75,0,0,No,No,No,No,No,No,No,No,Yes,Yes,Yes,Yes,Covered,Covered,Covered,Covered
MHBP Standard Option,MHBP STD S,Standard,454,Self,335.33,251.5,83.83,726.55,544.91,181.64,0,0,6000,0,350,No,N/A,Deductible Waived,$6000 $12000,0,0,0,0,No,Deductible Waived,$2000 Prescription Max,0,0,0,0,$900 Max,N/A,2000,0,5,45,60,15% $225 Max,N/A,N/A,0,20,30,No,200,50,200,Yes,0.1,200,0,0.1,0.1,0.1,0.1,0.1,0.1,0,5,Tier 2: 30% $200 Max Tier 3: 50% $200 Max,Yes,Tier 4: 15% $225 Max Tier 5: 15% $225 Max Tier 6: 25% $275 Max,Yes,Yes,Covered,0,5,0.3,0,0.5,0.15,0.15,25% $275 Max,0.1,Yes,20,0.1,0.1,0.1,20,$200 10%,0.1,0.1,0.1,0.1,Member Pays All Charges,0.1,0.2,0.1,0,Covered,0,0,0.1,0.1,0.1,0.1,0.1,0,No,No,No,No,No,No,No,No,Yes,Yes,Yes,Yes,Covered,Covered,Covered,Covered
MHBP Standard Option,MHBP STD SF,Standard,455,Self + Family,779.28,584.46,194.82,1688.44,1266.33,422.11,0,0,12000,0,700,No,N/A,Deductible Waived,$6000 $12000,0,0,0,0,No,Deductible Waived,$2000 Prescription Max,0,0,0,0,$900 Max,N/A,2000,0,5,45,60,15% $225 Max,N/A,N/A,0,20,30,No,200,50,200,Yes,0.1,200,0,0.1,0.1,0.1,0.1,0.1,0.1,0,5,Tier 2: 30% $200 Max Tier 3: 50% $200 Max,Yes,Tier 4: 15% $225 Max Tier 5: 15% $225 Max Tier 6: 25% $275 Max,Yes,Yes,Covered,0,5,0.3,0,0.5,0.15,0.15,25% $275 Max,0.1,Yes,20,0.1,0.1,0.1,20,$200 10%,0.1,0.1,0.1,0.1,Member Pays All Charges,0.1,0.2,0.1,0,Covered,0,0,0.1,0.1,0.1,0.1,0.1,0,No,No,No,No,No,No,No,No,Yes,Yes,Yes,Yes,Covered,Covered,Covered,Covered
MHBP Standard Option,MHBP STD SO,Standard,456,Self + One,771.87,578.9,192.97,1672.39,1254.29,418.1,0,0,12000,0,700,No,N/A,Deductible Waived,$6000 $12000,0,0,0,0,No,Deductible Waived,$2000 Prescription Max,0,0,0,0,$900 Max,N/A,2000,0,5,45,60,15% $225 Max,N/A,N/A,0,20,30,No,200,50,200,Yes,0.1,200,0,0.1,0.1,0.1,0.1,0.1,0.1,0,5,Tier 2: 30% $200 Max Tier 3: 50% $200 Max,Yes,Tier 4: 15% $225 Max Tier 5: 15% $225 Max Tier 6: 25% $275 Max,Yes,Yes,Covered,0,5,0.3,0,0.5,0.15,0.15,25% $275 Max,0.1,Yes,20,0.1,0.1,0.1,20,$200 10%,0.1,0.1,0.1,0.1,Member Pays All Charges,0.1,0.2,0.1,0,Covered,0,0,0.1,0.1,0.1,0.1,0.1,0,No,No,No,No,No,No,No,No,Yes,Yes,Yes,Yes,Covered,Covered,Covered,Covered
MHBP Value Plan,MHBP Value S,Value,414,Self,242.13,181.6,60.53,524.62,393.47,131.15,0,0,6600,0,600,No,N/A,N/A,$6600 $13200,N/A $30,50,0.2,0.2,No,N/A,N/A,30,50,0.2,0.2,No,N/A,2000,0,10,47,100,33% $250 Max,N/A,N/A,0,30,50,No,0.2,0.2,0.2,No,0.2,0.2,0.2,0.2,0.2,0.2,0.2,0.2,0.2,0,10,Tier 2: 45% $300 Max Tier 3: 75% $500 Max,Yes,Tier 4: 50% $600 Max Tier 5: 50% $600 Max Tier 6: 50% $700 Max,Yes,Yes,Covered,0,10,0.45,0,0.75,0.5,0.5,50% $700 Max,0.2,Yes,0.2,0.2,0.2,0.2,30,0.2,0.2,0.2,0.2,0.2,Member Pays All Charges,0.2,0.2,0.2,0,Not Covered,0,0,0.2,0.2,0.2,0.2,0.2,0,No,No,No,No,No,No,No,No,Yes,Yes,Yes,Yes,Covered,Covered,Covered,Covered
MHBP Value Plan,MHBP Value SF,Value,415,Self + Family,585.17,438.88,146.29,1267.87,950.9,316.97,0,0,13200,0,1200,No,N/A,N/A,$6600 $13200,N/A $30,50,0.2,0.2,No,N/A,N/A,30,50,0.2,0.2,No,N/A,2000,0,10,47,100,33% $250 Max,N/A,N/A,0,30,50,No,0.2,0.2,0.2,No,0.2,0.2,0.2,0.2,0.2,0.2,0.2,0.2,0.2,0,10,Tier 2: 45% $300 Max Tier 3: 75% $500 Max,Yes,Tier 4: 50% $600 Max Tier 5: 50% $600 Max Tier 6: 50% $700 Max,Yes,Yes,Covered,0,10,0.45,0,0.75,0.5,0.5,50% $700 Max,0.2,Yes,0.2,0.2,0.2,0.2,30,0.2,0.2,0.2,0.2,0.2,Member Pays All Charges,0.2,0.2,0.2,0,Not Covered,0,0,0.2,0.2,0.2,0.2,0.2,0,No,No,No,No,No,No,No,No,Yes,Yes,Yes,Yes,Covered,Covered,Covered,Covered
MHBP Value Plan,MHBP Value SO,Value,416,Self + One,573.72,430.29,143.43,1243.06,932.3,310.76,0,0,13200,0,1200,No,N/A,N/A,$6600 $13200,N/A $30,50,0.2,0.2,No,N/A,N/A,30,50,0.2,0.2,No,N/A,2000,0,10,47,100,33% $250 Max,N/A,N/A,0,30,50,No,0.2,0.2,0.2,No,0.2,0.2,0.2,0.2,0.2,0.2,0.2,0.2,0.2,0,10,Tier 2: 45% $300 Max Tier 3: 75% $500 Max,Yes,Tier 4: 50% $600 Max Tier 5: 50% $600 Max Tier 6: 50% $700 Max,Yes,Yes,Covered,0,10,0.45,0,0.75,0.5,0.5,50% $700 Max,0.2,Yes,0.2,0.2,0.2,0.2,30,0.2,0.2,0.2,0.2,0.2,Member Pays All Charges,0.2,0.2,0.2,0,Not Covered,0,0,0.2,0.2,0.2,0.2,0.2,0,No,No,No,No,No,No,No,No,Yes,Yes,Yes,Yes,Covered,Covered,Covered,Covered
NALC Health Benefit Plan,NALC CDHP S,CDHP,324,Self,238.71,179.03,59.68,517.21,387.91,129.3,0,1200,6600,0,2000,Yes,HRA,2000,6600,0.2,0.2,0.2,0.2,No,N/A,N/A,N/A,N/A,N/A,N/A,N/A,N/A,2000,0,10,40,60,250,N/A,N/A,0,0.2,0.2,No,0.2,0.2,0.2,No,20% $2000 Calendar Year Maximum toward Plan Level Deductible,0.2,0.2,20% $2000 Calendar Year Maximum toward Plan Level Deductible,0.2,20% $2000 Calendar Year Maximum toward Plan Level Deductible,0.2,0.2,0.2,N/A,Tier 1: $10,Tier 2: $40 Tier 3: $60,Yes,Tier 4: $250,Yes,Yes,Covered,0,10,40,0,60,250,1,N/A,0.2,Yes,0.2,0.2,0.2,0.2,20% $2000 Calendar Year Maximum toward Plan Level Deductible,20% $2000 Calendar Year Maximum toward Plan Level Deductible,20% $2000 Calendar Year Maximum toward Plan Level Deductible,0.2,20% $2000 Calendar Year Maximum toward Plan Level Deductible,0.2,Member Pays All Charges,20% $2000 Calendar Year Maximum toward Plan Level Deductible,20% $2000 Calendar Year Maximum toward Plan Level Deductible,20% $2000 Calendar Year Maximum toward Plan Level Deductible,0.2,Covered,20% $2000 Calendar Year Maximum toward Plan Level Deductible,0.2,Member Pays All Charges,20% $2000 Calendar Year Maximum toward Plan Level Deductible,20% $2000 Calendar Year Maximum toward Plan Level Deductible,Member Pays All Charges,0,0,No,No,No,No,No,No,No,No,Yes,No,No,Yes,Covered,Covered,Covered,Covered
NALC Health Benefit Plan,NALC CDHP SF,CDHP,325,Self + Family,585.06,438.8,146.26,1267.63,950.72,316.91,0,2400,12000,0,4000,Yes,HRA,2000,6600,0.2,0.2,0.2,0.2,No,N/A,N/A,N/A,N/A,N/A,N/A,N/A,N/A,2000,0,10,40,60,250,N/A,N/A,0,0.2,0.2,No,0.2,0.2,0.2,No,20% $2000 Calendar Year Maximum toward Plan Level Deductible,0.2,0.2,20% $2000 Calendar Year Maximum toward Plan Level Deductible,0.2,20% $2000 Calendar Year Maximum toward Plan Level Deductible,0.2,0.2,0.2,N/A,Tier 1: $10,Tier 2: $40 Tier 3: $60,Yes,Tier 4: $250,Yes,Yes,Covered,0,10,40,0,60,250,1,N/A,0.2,Yes,0.2,0.2,0.2,0.2,20% $2000 Calendar Year Maximum toward Plan Level Deductible,20% $2000 Calendar Year Maximum toward Plan Level Deductible,20% $2000 Calendar Year Maximum toward Plan Level Deductible,0.2,20% $2000 Calendar Year Maximum toward Plan Level Deductible,0.2,Member Pays All Charges,20% $2000 Calendar Year Maximum toward Plan Level Deductible,20% $2000 Calendar Year Maximum toward Plan Level Deductible,20% $2000 Calendar Year Maximum toward Plan Level Deductible,0.2,Covered,20% $2000 Calendar Year Maximum toward Plan Level Deductible,0.2,Member Pays All Charges,20% $2000 Calendar Year Maximum toward Plan Level Deductible,20% $2000 Calendar Year Maximum toward Plan Level Deductible,Member Pays All Charges,0,0,No,No,No,No,No,No,No,No,Yes,No,No,Yes,Covered,Covered,Covered,Covered
NALC Health Benefit Plan,NALC CDHP SO,CDHP,326,Self + One,540.49,405.37,135.12,1171.06,878.3,292.76,0,2400,12000,0,4000,Yes,HRA,2000,6600,0.2,0.2,0.2,0.2,No,N/A,N/A,N/A,N/A,N/A,N/A,N/A,N/A,2000,0,10,40,60,250,N/A,N/A,0,0.2,0.2,No,0.2,0.2,0.2,No,20% $2000 Calendar Year Maximum toward Plan Level Deductible,0.2,0.2,20% $2000 Calendar Year Maximum toward Plan Level Deductible,0.2,20% $2000 Calendar Year Maximum toward Plan Level Deductible,0.2,0.2,0.2,N/A,Tier 1: $10,Tier 2: $40 Tier 3: $60,Yes,Tier 4: $250,Yes,Yes,Covered,0,10,40,0,60,250,1,N/A,0.2,Yes,0.2,0.2,0.2,0.2,20% $2000 Calendar Year Maximum toward Plan Level Deductible,20% $2000 Calendar Year Maximum toward Plan Level Deductible,20% $2000 Calendar Year Maximum toward Plan Level Deductible,0.2,20% $2000 Calendar Year Maximum toward Plan Level Deductible,0.2,Member Pays All Charges,20% $2000 Calendar Year Maximum toward Plan Level Deductible,20% $2000 Calendar Year Maximum toward Plan Level Deductible,20% $2000 Calendar Year Maximum toward Plan Level Deductible,0.2,Covered,20% $2000 Calendar Year Maximum toward Plan Level Deductible,0.2,Member Pays All Charges,20% $2000 Calendar Year Maximum toward Plan Level Deductible,20% $2000 Calendar Year Maximum toward Plan Level Deductible,Member Pays All Charges,0,0,No,No,No,No,No,No,No,No,Yes,No,No,Yes,Covered,Covered,Covered,Covered
NALC Health Benefit Plan,NALC High S,High,321,Self,434.16,298.08,136.08,940.68,645.84,294.84,0,0,3500,3100,300,No,N/A,Deductible Waived,0,0,0,0,0,600,Deductible Waived,Prescription Max $2000,0,0,0,0,$900 Max,Deductible Waived,2000,0,0.1,0.2,0.4,200,N/A,N/A,0,25,25,No,0.15,25,0,No,0.15,350,350,350,0.15,15% $300 Calendar Year Maximum toward Plan Level Deductible,0.15,0.15,0.15,Yes,Tier 1: 20%,Tier 2: 30% Tier 3: 50%,Yes,Tier 4: $200,Yes,Yes,Covered,0,0.2,0.3,0,0.5,200,1,N/A,0.15,Yes,25,0.15,0.15,0.15,25,350,15% $300 Calendar Year Maximum toward Plan Level Deductible,0.15,15% $300 Calendar Year Maximum toward Plan Level Deductible,0.15,Member Pays All Charges,0.15,0.15,0.15,0.15,Covered,0,0,15% $300 Calendar Year Maximum toward Plan Level Deductible,15% $300 Calendar Year Maximum toward Plan Level Deductible,15% $300 Calendar Year Maximum toward Plan Level Deductible,0.15,0,0,No,No,No,No,No,No,No,No,Yes,No,No,Yes,Covered,Covered,Covered,Covered
NALC Health Benefit Plan,NALC High SF,High,322,Self + Family,998.17,714.23,283.94,2162.7,1547.5,615.2,0,0,7000,5000,600,No,N/A,Deductible Waived,0,0,0,0,0,600,Deductible Waived,Prescription Max $2000,0,0,0,0,$900 Max,Deductible Waived,2000,0,0.1,0.2,0.4,200,N/A,N/A,0,25,25,No,0.15,25,0,No,0.15,350,350,350,0.15,15% $300 Calendar Year Maximum toward Plan Level Deductible,0.15,0.15,0.15,Yes,Tier 1: 20%,Tier 2: 30% Tier 3: 50%,Yes,Tier 4: $200,Yes,Yes,Covered,0,0.2,0.3,0,0.5,200,1,N/A,0.15,Yes,25,0.15,0.15,0.15,25,350,15% $300 Calendar Year Maximum toward Plan Level Deductible,0.15,15% $300 Calendar Year Maximum toward Plan Level Deductible,0.15,Member Pays All Charges,0.15,0.15,0.15,0.15,Covered,0,0,15% $300 Calendar Year Maximum toward Plan Level Deductible,15% $300 Calendar Year Maximum toward Plan Level Deductible,15% $300 Calendar Year Maximum toward Plan Level Deductible,0.15,0,0,No,No,No,No,No,No,No,No,Yes,No,No,Yes,Covered,Covered,Covered,Covered
NALC Health Benefit Plan,NALC High SO,High,323,Self + One,968.71,650,318.71,2098.87,1408.33,690.54,0,0,7000,5000,600,No,N/A,Deductible Waived,0,0,0,0,0,600,Deductible Waived,Prescription Max $2000,0,0,0,0,$900 Max,Deductible Waived,2000,0,0.1,0.2,0.4,200,N/A,N/A,0,25,25,No,0.15,25,0,No,0.15,350,350,350,0.15,15% $300 Calendar Year Maximum toward Plan Level Deductible,0.15,0.15,0.15,Yes,Tier 1: 20%,Tier 2: 30% Tier 3: 50%,Yes,Tier 4: $200,Yes,Yes,Covered,0,0.2,0.3,0,0.5,200,1,N/A,0.15,Yes,25,0.15,0.15,0.15,25,350,15% $300 Calendar Year Maximum toward Plan Level Deductible,0.15,15% $300 Calendar Year Maximum toward Plan Level Deductible,0.15,Member Pays All Charges,0.15,0.15,0.15,0.15,Covered,0,0,15% $300 Calendar Year Maximum toward Plan Level Deductible,15% $300 Calendar Year Maximum toward Plan Level Deductible,15% $300 Calendar Year Maximum toward Plan Level Deductible,0.15,0,0,No,No,No,No,No,No,No,No,Yes,No,No,Yes,Covered,Covered,Covered,Covered
Panama Canal Area Benefit Plan,PCABP High S,High,431,Self,425.91,298.08,127.83,922.81,645.84,276.97,0,0,8200,8200,0,No,N/A,N/A,N/A,N/A,N/A,N/A,N/A,N/A,N/A,N/A,N/A,N/A,N/A,N/A,N/A,N/A,N/A,N/A,N/A,N/A,N/A,N/A,N/A,N/A,0,5,5,Yes,5,0,0,No,0,25,0,0,0,0,0,0,0,N/A,0.2,0.3,No,20% Or 30%,N/A,No,N/A,1,1,1,0,1,1,1,N/A,1,N/A,10,0,0,0,5,25,0,5,5,5,Member Pays All Charges,0,0,N/A,10,10,0,0,0,0,30% + Difference Between Plan Allowance and Billed Amount,0,0,0,Yes,Yes,No,No,No,No,No,No,No,No,No,Yes,Not Covered,Not Covered,Not Covered,Not Covered
Panama Canal Area Benefit Plan,PCABP High SF,High,432,Self + Family,897.35,673.01,224.34,1944.26,1458.2,486.06,0,0,12000,12000,0,No,N/A,N/A,N/A,N/A,N/A,N/A,N/A,N/A,N/A,N/A,N/A,N/A,N/A,N/A,N/A,N/A,N/A,N/A,N/A,N/A,N/A,N/A,N/A,N/A,0,5,5,Yes,5,0,0,No,0,25,0,0,0,0,0,0,0,N/A,0.2,0.3,No,20% Or 30%,N/A,No,N/A,1,1,1,0,1,1,1,N/A,1,N/A,10,0,0,0,5,25,0,5,5,5,Member Pays All Charges,0,0,N/A,10,10,0,0,0,0,30% + Difference Between Plan Allowance and Billed Amount,0,0,0,Yes,Yes,No,No,No,No,No,No,No,No,No,Yes,Not Covered,Not Covered,Not Covered,Not Covered
Panama Canal Area Benefit Plan,PCABP High SO,High,433,Self + One,858.01,643.51,214.5,1859.02,1394.27,464.75,0,0,12000,12000,0,No,N/A,N/A,N/A,N/A,N/A,N/A,N/A,N/A,N/A,N/A,N/A,N/A,N/A,N/A,N/A,N/A,N/A,N/A,N/A,N/A,N/A,N/A,N/A,N/A,0,5,5,Yes,5,0,0,No,0,25,0,0,0,0,0,0,0,N/A,0.2,0.3,No,20% Or 30%,N/A,No,N/A,1,1,1,0,1,1,1,N/A,1,N/A,10,0,0,0,5,25,0,5,5,5,Member Pays All Charges,0,0,N/A,10,10,0,0,0,0,30% + Difference Between Plan Allowance and Billed Amount,0,0,0,Yes,Yes,No,No,No,No,No,No,No,No,No,Yes,Not Covered,Not Covered,Not Covered,Not Covered
SAMBA Health Benefit Plan,SAMBA High S,High,441,Self,459.05,298.08,160.97,994.61,645.84,348.77,0,0,5000,0,300,No,N/A,Deductible Waived,N/A,0,0,Waived Waived,0,No,0,0,0,0,0,0,$1200 Max,N/A,2000,0,$5 30 days $10 90 days,20% $100 Max 30 days 20% $200 Max 90 days,25% $300 Max 30 days 25% $400 Max 90 days,25% $160 Max 30 days,N/A,N/A,0,15,25,No,0.15,0.15,0,No,0.15,200,0,0.15,0.15,0.15,0.15,0.15,0.15,0,Tier 1: $10,Tier 2: 30% $100 Max Tier 3: 45% $300 Max,Yes,Tier 4: 30% $160 Max Tier 5: 45% $320 Max,Yes,Yes,Covered,0,10,0.3,0,0.45,0.3,0.45,N/A,0.15,Yes,0.15,0.15,0.15,0.15,15,$200 15%,0.15,0.15,0.15,0.15,Member Pays All Charges,0.15,0.15,0.15,0.15,Covered,0.15,0,0.15,0.15,0.15,0.15,0.15,0.15,No,No,No,No,No,No,No,No,Yes,No,No,Yes 26 Visit Limit,Covered,Covered,Covered,Covered
SAMBA Health Benefit Plan,SAMBA High SF,High,442,Self + Family,1101.73,714.23,387.5,2387.08,1547.5,839.58,0,0,10000,0,600,No,N/A,Deductible Waived,N/A,0,0,Waived Waived,0,No,0,0,0,0,0,0,$1200 Max,N/A,2000,0,$5 30 days $10 90 days,20% $100 Max 30 days 20% $200 Max 90 days,25% $300 Max 30 days 25% $400 Max 90 days,25% $160 Max 30 days,N/A,N/A,0,15,25,No,0.15,0.15,0,No,0.15,200,0,0.15,0.15,0.15,0.15,0.15,0.15,0,Tier 1: $10,Tier 2: 30% $100 Max Tier 3: 45% $300 Max,Yes,Tier 4: 30% $160 Max Tier 5: 45% $320 Max,Yes,Yes,Covered,0,10,0.3,0,0.45,0.3,0.45,N/A,0.15,Yes,0.15,0.15,0.15,0.15,15,$200 15%,0.15,0.15,0.15,0.15,Member Pays All Charges,0.15,0.15,0.15,0.15,Covered,0.15,0,0.15,0.15,0.15,0.15,0.15,0.15,No,No,No,No,No,No,No,No,Yes,No,No,Yes 26 Visit Limit,Covered,Covered,Covered,Covered
SAMBA Health Benefit Plan,SAMBA High SO,High,443,Self + One,1009.92,650,359.92,2188.16,1408.33,779.83,0,0,10000,0,600,No,N/A,Deductible Waived,N/A,0,0,Waived Waived,0,No,0,0,0,0,0,0,$1200 Max,N/A,2000,0,$5 30 days $10 90 days,20% $100 Max 30 days 20% $200 Max 90 days,25% $300 Max 30 days 25% $400 Max 90 days,25% $160 Max 30 days,N/A,N/A,0,15,25,No,0.15,0.15,0,No,0.15,200,0,0.15,0.15,0.15,0.15,0.15,0.15,0,Tier 1: $10,Tier 2: 30% $100 Max Tier 3: 45% $300 Max,Yes,Tier 4: 30% $160 Max Tier 5: 45% $320 Max,Yes,Yes,Covered,0,10,0.3,0,0.45,0.3,0.45,N/A,0.15,Yes,0.15,0.15,0.15,0.15,15,$200 15%,0.15,0.15,0.15,0.15,Member Pays All Charges,0.15,0.15,0.15,0.15,Covered,0.15,0,0.15,0.15,0.15,0.15,0.15,0.15,No,No,No,No,No,No,No,No,Yes,No,No,Yes 26 Visit Limit,Covered,Covered,Covered,Covered
SAMBA Health Benefit Plan,SAMBA STD S,Standard,444,Self,382.57,286.93,95.64,828.9,621.68,207.22,0,0,6000,0,350,No,N/A,Deductible Waived,N/A,0,0,Waived Waived,0,No,0,0,0,0,0,0,$900 Max,N/A,2000,0,$7 30 days $12 90 days,25% $150 Max 30 days 25% $300 Max 90 days,25% $300 Max 30 days 25% $400 Max 90 days,25% $240 Max 30 days,N/A,N/A,0,20,30,No,0.2,0.2,0,No,0.2,200,0,0.2,0.2,0.2,0.2,0.2,0.2,0,Tier 1: $12,Tier 2: 35% $150 Max Tier 3: 50% $300 Max,Yes,Tier 4: 35% $240 Max Tier 5: 50% $480 Max,Yes,Yes,Covered,0,12,0.35,0,0.5,0.35,0.5,N/A,0.2,Yes,0.2,0.2,0.2,0.2,$20 $30,$200 20%,0.2,0.2,0.2,0.2,Member Pays All Charges,0.2,0.2,0.2,0.2,Covered,0,0,0.2,0.2,0.2,0.2,0.2,0.2,No,No,No,No,No,No,No,No,Yes,No,No,Yes 26 Visit Limit,Covered,Covered,Covered,Covered
SAMBA Health Benefit Plan,SAMBA STD SF,Standard,445,Self + Family,872.83,654.62,218.21,1891.13,1418.35,472.78,0,0,12000,0,900,No,N/A,Deductible Waived,N/A,0,0,Waived Waived,0,No,0,0,0,0,0,0,$900 Max,N/A,2000,0,$7 30 days $12 90 days,25% $150 Max 30 days 25% $300 Max 90 days,25% $300 Max 30 days 25% $400 Max 90 days,25% $240 Max 30 days,N/A,N/A,0,20,30,No,0.2,0.2,0,No,0.2,200,0,0.2,0.2,0.2,0.2,0.2,0.2,0,Tier 1: $12,Tier 2: 35% $150 Max Tier 3: 50% $300 Max,Yes,Tier 4: 35% $240 Max Tier 5: 50% $480 Max,Yes,Yes,Covered,0,12,0.35,0,0.5,0.35,0.5,N/A,0.2,Yes,0.2,0.2,0.2,0.2,$20 $30,$200 20%,0.2,0.2,0.2,0.2,Member Pays All Charges,0.2,0.2,0.2,0.2,Covered,0,0,0.2,0.2,0.2,0.2,0.2,0.2,No,No,No,No,No,No,No,No,Yes,No,No,Yes 26 Visit Limit,Covered,Covered,Covered,Covered
SAMBA Health Benefit Plan,SAMBA STD SO,Standard,446,Self + One,823.43,617.57,205.86,1784.1,1338.08,446.02,0,0,12000,0,700,No,N/A,Deductible Waived,N/A,0,0,Waived Waived,0,No,0,0,0,0,0,0,$900 Max,N/A,2000,0,$7 30 days $12 90 days,25% $150 Max 30 days 25% $300 Max 90 days,25% $300 Max 30 days 25% $400 Max 90 days,25% $240 Max 30 days,N/A,N/A,0,20,30,No,0.2,0.2,0,No,0.2,200,0,0.2,0.2,0.2,0.2,0.2,0.2,0,Tier 1: $12,Tier 2: 35% $150 Max Tier 3: 50% $300 Max,Yes,Tier 4: 35% $240 Max Tier 5: 50% $480 Max,Yes,Yes,Covered,0,12,0.35,0,0.5,0.35,0.5,N/A,0.2,Yes,0.2,0.2,0.2,0.2,$20 $30,$200 20%,0.2,0.2,0.2,0.2,Member Pays All Charges,0.2,0.2,0.2,0.2,Covered,0,0,0.2,0.2,0.2,0.2,0.2,0.2,No,No,No,No,No,No,No,No,Yes,No,No,Yes 26 Visit Limit,Covered,Covered,Covered,Covered
